id,email
0,Noah@haylie.co.uk
1,Rosario@adeline.ca
2,Nakia.Daugherty@edgardo.ca
3,Dayton@alf.me
4,Rosa_Moore@erick.org
5,Herbert@trinity.com
6,Santina@nyasia.io
7,Demetris_Conroy@shyann.me
8,Samson_Wolff@deondre.us
9,Sheldon.Schaden@declan.co.uk
10,Eulah@alexander.us
11,Lilyan@lilyan.us
12,Betsy.Braun@enid.me
13,Brigitte@nolan.io
14,Jaqueline@kaitlyn.net
15,Donald@baylee.com
16,Lane@cassie.ca
17,Estevan@amani.net
18,Elmira@lisa.biz
19,Garrison@elizabeth.tv
20,Patrick.Flatley@kenyatta.tv
21,Avis_Kovacek@zella.ca
22,Mohamed@marjory.info
23,Bailee.Kiehn@gregg.biz
24,Terry.Sauer@davion.net
25,Norris@duncan.info
26,Magdalena_Blanda@karley.info
27,Kamren_DuBuque@rene.us
28,Kaleb@gene.org
29,Nickolas.Schaefer@edward.info
30,Marcelo@haskell.co.uk
31,Zackery.Christiansen@mack.ca
32,Kennedy@pascale.tv
33,Orlando@pansy.io
34,Willie@godfrey.net
35,Kendra.Price@kariane.co.uk
36,Joshuah@thea.info
37,Dashawn.Kassulke@luella.info
38,Dino@ashley.ca
39,Jayden_Ryan@lonie.io
40,Leo@vanessa.name
41,Kamille@kaitlyn.net
42,Tristian@nina.io
43,Allene@hulda.net
44,Gregorio.Green@cooper.name
45,Minnie_Collier@maybell.co.uk
46,Kody@david.co.uk
47,Corine_Wuckert@nathan.me
48,Donato@chelsie.tv
49,Eliezer@lina.biz
50,Louvenia@rubye.io
51,Tad_Funk@holden.us
52,Libbie_Adams@peyton.name
53,Dora_Harris@kole.biz
54,Nathen@kattie.org
55,Orin@loyal.ca
56,Shyann@reilly.org
57,Bulah_Ziemann@rico.biz
58,Damian_Cremin@timmy.me
59,Arden@noel.biz
60,Thad@cameron.ca
61,Wilmer@jordon.name
62,Logan_Champlin@liliane.tv
63,Litzy.Crist@boris.us
64,Dedrick@bridgette.co.uk
65,Devyn_Murphy@haylee.io
66,Nia_Homenick@letha.name
67,Samir@camryn.tv
68,Archibald_Effertz@roman.io
69,Kieran@reece.co.uk
70,Gwendolyn@otto.biz
71,Jarrell@anderson.name
72,Lera@henriette.org
73,Garret@natalie.me
74,Vida@consuelo.org
75,Gladyce@guillermo.io
76,Jaunita@crystal.name
77,Danielle.Smitham@bethany.name
78,Camron.Jewess@rod.net
79,Uriah.Guann@stefan.tv
80,Jude_Jones@nyasia.name
81,Lavinia@brannon.net
82,Summer@jacinto.org
83,Jacinthe@daphne.us
84,Devon@ebba.biz
85,Payton@brook.biz
86,Edwin.Goldner@mona.co.uk
87,Ola@bernhard.info
88,Margie_OReilly@dangelo.us
89,Cortez@charley.net
90,Leann.Zulauf@everett.co.uk
91,Judson@herman.net
92,Otho_Krajcik@liliana.tv
93,Aryanna@rossie.com
94,Kody.Hilpert@bonita.name
95,Rudolph@percy.net
96,Rey@jodie.ca
97,Delfina@kaitlin.org
98,Meghan.Kreiger@sienna.tv
99,Nico.Mills@sarah.net
100,Virginia.Prohaska@stanford.name
